id,timestamp,source,file_name,sector,coordenadas,class,confidence,peso_total_foto_kg
6ae981c3-4336-4992-b83d-9e20421b58d8,2025-12-17T10:39:49.386185,upload,Filtracion-residuos.jpg,Vacamonte,"8.90, -79.68",PLASTIC,0.49517130851745605,0.03
8510d38b-938f-48dd-b732-d880871010c0,2025-12-17T10:52:01.479515,upload,Filtracion-residuos.jpg,Vacamonte,"8.90, -79.68",PLASTIC,0.49517130851745605,0.0
ee04c71d-f310-4522-83e2-fe83eb1318ad,2025-12-17T10:56:35.457286,upload,Filtracion-residuos.jpg,Vacamonte,"8.90, -79.68",PLASTIC,0.49517130851745605,0.0
4a8bd2fb-8707-4c70-83b9-d3783b33d909,2025-12-17T10:59:03.080135,upload,Filtracion-residuos.jpg,Vacamonte,"8.90, -79.68",PLASTIC,0.49517130851745605,0.0
50e17fea-041a-4cb2-8bea-9d35a16cba2c,2025-12-17T11:09:16.169695,upload,Filtracion-residuos.jpg,Ciudad de Panamá,"8.98, -79.52",PLASTIC,0.49517130851745605,0.0
7ba1b3e2-5170-4a60-ade2-52a9bed5f7ac,2025-12-17T11:42:45.202946,upload,Filtracion-residuos.jpg,Ciudad de Panamá,"8.98, -79.52",PLASTIC,0.49517130851745605,0.05
68137bfd-3099-400d-9d1e-ce3bc84a334b,2025-12-17T12:04:05.286587,upload,Filtracion-residuos.jpg,Ciudad de Panamá,"8.98, -79.52",PLASTIC,0.49517130851745605,0.05
b924e121-2a15-45fe-be12-9380bb43ada5,2025-12-17T12:28:14.157245,upload,Filtracion-residuos.jpg,Ciudad de Panamá,"8.98, -79.52",PLASTIC,0.49517130851745605,0.0
e17a26e7-da8e-4d7c-815d-6af1aac60129,2025-12-17T12:29:17.933563,upload,Filtracion-residuos.jpg,Ciudad de Panamá,"8.98, -79.52",PLASTIC,0.49517130851745605,0.02
08f97682-5aec-45fa-b079-28adc5c3d77e,2025-12-17T12:36:16.915605,upload,Filtracion-residuos.jpg,Ciudad de Panamá,"8.98, -79.52",PLASTIC,0.49517130851745605,0.0
da4b66f8-456a-4234-8480-1bf9e73488b2,2025-12-17T12:36:44.177791,upload,Filtracion-residuos.jpg,Ciudad de Panamá,"8.98, -79.52",PLASTIC,0.49517130851745605,0.02
6d44c6dc-930b-4992-9178-0de276475166,2025-12-17T12:59:17.093049,upload,Filtracion-residuos.jpg,Ciudad de Panamá,"8.98, -79.52",PLASTIC,0.49517130851745605,0.075
620d34b2-e397-4b61-aa1e-6b284ca090c7,2025-12-17T13:03:17.100601,upload,Filtracion-residuos.jpg,Ciudad de Panamá,"8.98, -79.52",PLASTIC,0.49517130851745605,0.025
f54229c9-d761-42a3-8dc6-316788dde7a4,2025-12-17T13:05:06.780399,upload,Filtracion-residuos.jpg,Ciudad de Panamá,"8.98, -79.52",PLASTIC,0.49517130851745605,0.1
82597025-a60f-4c91-94bf-25d8c12d5fa9,2025-12-17T13:07:14.159196,upload,Filtracion-residuos.jpg,Ciudad de Panamá,"8.98, -79.52",PLASTIC,0.49517130851745605,0.1
b813e1b3-09ec-4882-a6e5-838dfd9be212,2025-12-17T13:09:10.916516,upload,Filtracion-residuos.jpg,Ciudad de Panamá,"8.98, -79.52",PLASTIC,0.49517130851745605,0.0
2d8e5514-8a3c-4d44-8aaf-4c3c526508ab,2025-12-17T13:11:04.159367,upload,Filtracion-residuos.jpg,Ciudad de Panamá,"8.98, -79.52",PLASTIC,0.49517130851745605,0.05
1d3f89aa-9140-4074-8ea6-89b7d460042a,2025-12-17T13:14:51.727020,upload,Filtracion-residuos.jpg,Ciudad de Panamá,"8.98, -79.52",PLASTIC,0.49517130851745605,0.075
50626602-6a68-406c-878c-7fb332b8aad3,2025-12-17T13:16:54.501345,upload,Filtracion-residuos.jpg,Ciudad de Panamá,"8.98, -79.52",PLASTIC,0.49517130851745605,0.0
b04f68bf-7e6d-4d54-995c-a6f79fbf4573,2025-12-17T13:17:30.142481,upload,Filtracion-residuos.jpg,Ciudad de Panamá,"8.98, -79.52",PLASTIC,0.49517130851745605,0.0
0200cf72-145c-4a1d-b785-227ae0c4e254,2025-12-17T13:17:43.669714,upload,Filtracion-residuos.jpg,Ciudad de Panamá,"8.98, -79.52",PLASTIC,0.49517130851745605,0.0
0d9020fb-db44-42f9-b91f-d1b1190ee0f9,2025-12-17T13:17:52.631528,upload,Filtracion-residuos.jpg,Ciudad de Panamá,"8.98, -79.52",PLASTIC,0.49517130851745605,0.0
4cd73d9b-fde9-4169-be91-5bfb647f8093,2025-12-17T13:18:31.409379,upload,Filtracion-residuos.jpg,Ciudad de Panamá,"8.98, -79.52",PLASTIC,0.49517130851745605,0.15
d800ce82-385d-43d0-8827-a40c814c9503,2025-12-17T13:24:01.336627,upload,Filtracion-residuos.jpg,Ciudad de Panamá,"8.98, -79.52",PLASTIC,0.49517130851745605,0.03
1aeaac49-8fb8-4e39-92c6-9743763f909a,2025-12-17T13:30:34.679146,upload,Filtracion-residuos.jpg,Ciudad de Panamá,"8.98, -79.52",PLASTIC,0.49517130851745605,0.07
5a0a4414-1968-4951-9185-45466cb17285,2025-12-17T13:55:11.867850,upload,MANZNA-ROJA.jpg,Ciudad de Panamá,"8.98, -79.52",BIODEGRADABLE,0.6886394619941711,0.1
ee35d490-d433-4ce9-9844-506d1e899d68,2025-12-17T13:55:48.126245,upload,MANZNA-ROJA.jpg,Ciudad de Panamá,"8.98, -79.52",BIODEGRADABLE,0.6886394619941711,0.1
6703b97f-292b-40cb-8d33-a4251f58194b,2025-12-17T14:02:09.058023,upload,MANZNA-ROJA.jpg,Ciudad de Panamá,"8.98, -79.52",BIODEGRADABLE,0.6886394619941711,0.3
bc412aae-de7e-407d-968e-433ee754d799,2025-12-17T14:03:57.913823,upload,MANZNA-ROJA.jpg,Ciudad de Panamá,"8.98, -79.52",BIODEGRADABLE,0.6886394619941711,0.2
4e7d8b3c-c90b-4b08-ab51-f87cf8eff921,2025-12-17T14:05:12.296676,upload,MANZNA-ROJA.jpg,Ciudad de Panamá,"8.98, -79.52",BIODEGRADABLE,0.6886394619941711,0.1
aa57971d-d26c-4573-8591-8ad6abcfcc1c,2025-12-17T14:43:31.307171,upload,bd0617c3-c3a3-4bc8-8046-2cf66254ec82.jpg,Ciudad de Panamá,"8.98, -79.52",PAPER,0.9188628792762756,2.1
121dfabc-8ed0-4f44-9931-4cbaca5057fa,2025-12-17T14:43:31.311246,upload,bd0617c3-c3a3-4bc8-8046-2cf66254ec82.jpg,Ciudad de Panamá,"8.98, -79.52",PLASTIC,0.2524223029613495,2.1
79fa5437-d1d1-484a-aa5e-ae94a881d2ef,2025-12-17T14:43:31.316177,upload,bd0617c3-c3a3-4bc8-8046-2cf66254ec82.jpg,Ciudad de Panamá,"8.98, -79.52",PAPER,0.17396625876426697,2.1
7eabf5b9-5013-4cdb-852d-fb694e1906cd,2025-12-17T14:43:31.322695,upload,bd0617c3-c3a3-4bc8-8046-2cf66254ec82.jpg,Ciudad de Panamá,"8.98, -79.52",PAPER,0.14828193187713623,2.1
d4093871-79c1-4fe9-b734-78d7771d57b4,2025-12-17T14:43:31.328127,upload,bd0617c3-c3a3-4bc8-8046-2cf66254ec82.jpg,Ciudad de Panamá,"8.98, -79.52",PAPER,0.13993678987026215,2.1
6158eb3d-c351-4531-9733-436bbf1c16f6,2025-12-17T14:43:31.332233,upload,bd0617c3-c3a3-4bc8-8046-2cf66254ec82.jpg,Ciudad de Panamá,"8.98, -79.52",PLASTIC,0.10957038402557373,2.1
24e33c7a-a286-425a-80d9-4f1bd6bd4d4b,2025-12-17T14:43:31.337964,upload,bd0617c3-c3a3-4bc8-8046-2cf66254ec82.jpg,Ciudad de Panamá,"8.98, -79.52",PAPER,0.08940451592206955,2.1
35b3517c-3a22-4113-861a-c9fa87548a3a,2025-12-17T14:43:31.340999,upload,bd0617c3-c3a3-4bc8-8046-2cf66254ec82.jpg,Ciudad de Panamá,"8.98, -79.52",PLASTIC,0.08469793200492859,2.1
9a33b0db-a80b-4380-87b1-7bddbfd39dc0,2025-12-17T14:43:31.345455,upload,bd0617c3-c3a3-4bc8-8046-2cf66254ec82.jpg,Ciudad de Panamá,"8.98, -79.52",PLASTIC,0.08380972594022751,2.1
5bd353cb-ba16-48ef-93e5-4ef379d5691b,2025-12-17T14:43:31.350821,upload,bd0617c3-c3a3-4bc8-8046-2cf66254ec82.jpg,Ciudad de Panamá,"8.98, -79.52",PLASTIC,0.08126313984394073,2.1
dc7f3be5-5bfc-4d83-8ad5-0e86ae34ae98,2025-12-17T14:43:31.355540,upload,bd0617c3-c3a3-4bc8-8046-2cf66254ec82.jpg,Ciudad de Panamá,"8.98, -79.52",PLASTIC,0.07550930976867676,2.1
835f1cda-5c7b-4129-98dd-c0bc83d788bb,2025-12-17T14:43:31.360356,upload,bd0617c3-c3a3-4bc8-8046-2cf66254ec82.jpg,Ciudad de Panamá,"8.98, -79.52",PLASTIC,0.07154977321624756,2.1
3a831c8c-af31-4f48-aed3-edf15832682b,2025-12-17T14:43:31.364967,upload,bd0617c3-c3a3-4bc8-8046-2cf66254ec82.jpg,Ciudad de Panamá,"8.98, -79.52",PAPER,0.07023210823535919,2.1
ebbc7ac4-375a-4fe5-8162-040fb7006493,2025-12-17T14:43:31.370509,upload,bd0617c3-c3a3-4bc8-8046-2cf66254ec82.jpg,Ciudad de Panamá,"8.98, -79.52",PLASTIC,0.06846276670694351,2.1
bf55d02f-3acb-440b-97d2-7acdfb6c7c95,2025-12-17T14:43:31.374166,upload,bd0617c3-c3a3-4bc8-8046-2cf66254ec82.jpg,Ciudad de Panamá,"8.98, -79.52",METAL,0.06720393151044846,2.1
1d64999a-9c8d-4ca3-a674-77dc138af7b6,2025-12-17T14:43:31.380877,upload,bd0617c3-c3a3-4bc8-8046-2cf66254ec82.jpg,Ciudad de Panamá,"8.98, -79.52",PAPER,0.06567215919494629,2.1
92583875-51b3-4247-b353-063553d9a4c2,2025-12-17T14:43:31.386977,upload,bd0617c3-c3a3-4bc8-8046-2cf66254ec82.jpg,Ciudad de Panamá,"8.98, -79.52",PLASTIC,0.06380562484264374,2.1
48dc29d9-38b6-4ad3-80e1-7edc997c7db4,2025-12-17T14:43:31.391043,upload,bd0617c3-c3a3-4bc8-8046-2cf66254ec82.jpg,Ciudad de Panamá,"8.98, -79.52",PLASTIC,0.06313449144363403,2.1
c7fdcac7-3697-4456-be5e-51059f4be38f,2025-12-17T14:43:31.394917,upload,bd0617c3-c3a3-4bc8-8046-2cf66254ec82.jpg,Ciudad de Panamá,"8.98, -79.52",PAPER,0.06081733480095863,2.1
7f95a390-628a-44d0-9b79-b58bd08166c0,2025-12-17T14:43:31.398391,upload,bd0617c3-c3a3-4bc8-8046-2cf66254ec82.jpg,Ciudad de Panamá,"8.98, -79.52",PAPER,0.05424275994300842,2.1
25a85f1c-5942-41f8-a5a7-790125b76160,2025-12-17T14:43:31.403627,upload,bd0617c3-c3a3-4bc8-8046-2cf66254ec82.jpg,Ciudad de Panamá,"8.98, -79.52",METAL,0.0520322360098362,2.1
4a671248-1972-48a9-be73-bfb52be0093d,2025-12-17T14:44:40.134339,upload,be3dde3c-a898-44ab-97a5-34d9b71d4017.jpg,Ciudad de Panamá,"8.98, -79.52",PLASTIC,0.29518944025039673,5.4
b2b2bc55-e906-4af1-b31a-d1e1e4fd9a48,2025-12-17T14:44:40.137246,upload,be3dde3c-a898-44ab-97a5-34d9b71d4017.jpg,Ciudad de Panamá,"8.98, -79.52",CARDBOARD,0.23610171675682068,5.4
1cadc6b7-1bcb-4b41-ae3b-7f70204199e3,2025-12-17T14:44:40.140110,upload,be3dde3c-a898-44ab-97a5-34d9b71d4017.jpg,Ciudad de Panamá,"8.98, -79.52",CARDBOARD,0.21041688323020935,5.4
c18866a1-e33f-4a0a-9966-0769d73d2216,2025-12-17T14:44:40.142591,upload,be3dde3c-a898-44ab-97a5-34d9b71d4017.jpg,Ciudad de Panamá,"8.98, -79.52",PAPER,0.20974130928516388,5.4
ec0e42d8-79da-48c4-95de-1168ecd726ab,2025-12-17T14:44:40.145121,upload,be3dde3c-a898-44ab-97a5-34d9b71d4017.jpg,Ciudad de Panamá,"8.98, -79.52",GLASS,0.19492855668067932,5.4
13250004-871e-40f9-8162-0c7a0010429d,2025-12-17T14:44:40.148109,upload,be3dde3c-a898-44ab-97a5-34d9b71d4017.jpg,Ciudad de Panamá,"8.98, -79.52",PLASTIC,0.1731206476688385,5.4
556ec9f6-06d2-4da2-a980-30b1453e6484,2025-12-17T14:44:40.150917,upload,be3dde3c-a898-44ab-97a5-34d9b71d4017.jpg,Ciudad de Panamá,"8.98, -79.52",GLASS,0.15082773566246033,5.4
7508caa7-381e-4aa5-8e12-bff36f4e78a0,2025-12-17T14:44:40.154066,upload,be3dde3c-a898-44ab-97a5-34d9b71d4017.jpg,Ciudad de Panamá,"8.98, -79.52",CARDBOARD,0.1505378782749176,5.4
a38210bf-f5de-475d-92fa-739b388eeab6,2025-12-17T14:44:40.157005,upload,be3dde3c-a898-44ab-97a5-34d9b71d4017.jpg,Ciudad de Panamá,"8.98, -79.52",CARDBOARD,0.1400032937526703,5.4
b5f28191-cba8-4402-97d1-930bd60dc2cd,2025-12-17T14:44:40.160197,upload,be3dde3c-a898-44ab-97a5-34d9b71d4017.jpg,Ciudad de Panamá,"8.98, -79.52",GLASS,0.11453773081302643,5.4
5c605da6-aa0a-4352-abf0-b4c209bea4f2,2025-12-17T14:44:40.163248,upload,be3dde3c-a898-44ab-97a5-34d9b71d4017.jpg,Ciudad de Panamá,"8.98, -79.52",CARDBOARD,0.11002733558416367,5.4
ab4a0bbb-cb51-4f5c-ab0e-776589b29956,2025-12-17T14:44:40.166035,upload,be3dde3c-a898-44ab-97a5-34d9b71d4017.jpg,Ciudad de Panamá,"8.98, -79.52",PAPER,0.10793415457010269,5.4
bb9d2046-5549-4bc3-b57b-236b01fe4b1b,2025-12-17T14:44:40.169018,upload,be3dde3c-a898-44ab-97a5-34d9b71d4017.jpg,Ciudad de Panamá,"8.98, -79.52",CARDBOARD,0.10644403100013733,5.4
ad47d5c0-af4f-4463-bb80-c97820d8761c,2025-12-17T14:44:40.171895,upload,be3dde3c-a898-44ab-97a5-34d9b71d4017.jpg,Ciudad de Panamá,"8.98, -79.52",CARDBOARD,0.10368869453668594,5.4
ff08ffb0-7dfe-4546-97f0-eabf8e7fed36,2025-12-17T14:44:40.174677,upload,be3dde3c-a898-44ab-97a5-34d9b71d4017.jpg,Ciudad de Panamá,"8.98, -79.52",PLASTIC,0.1013830229640007,5.4
1a09eeb1-fd7f-4977-bf22-ca6519ec4b2f,2025-12-17T14:44:40.177645,upload,be3dde3c-a898-44ab-97a5-34d9b71d4017.jpg,Ciudad de Panamá,"8.98, -79.52",CARDBOARD,0.09624046087265015,5.4
50bdce47-ff78-4ae4-a1a4-8bbba1714c8f,2025-12-17T14:44:40.180536,upload,be3dde3c-a898-44ab-97a5-34d9b71d4017.jpg,Ciudad de Panamá,"8.98, -79.52",PLASTIC,0.08904517441987991,5.4
68fc1d45-7c2b-44a8-bd55-90794bd8c32f,2025-12-17T14:44:40.183828,upload,be3dde3c-a898-44ab-97a5-34d9b71d4017.jpg,Ciudad de Panamá,"8.98, -79.52",GLASS,0.08553197234869003,5.4
ded099c1-6cb0-44c1-b1b9-0fdff1873cf6,2025-12-17T14:44:40.187043,upload,be3dde3c-a898-44ab-97a5-34d9b71d4017.jpg,Ciudad de Panamá,"8.98, -79.52",CARDBOARD,0.08223319053649902,5.4
38ea4933-9776-4856-b5c2-fe5a5bb4279a,2025-12-17T14:44:40.189795,upload,be3dde3c-a898-44ab-97a5-34d9b71d4017.jpg,Ciudad de Panamá,"8.98, -79.52",CARDBOARD,0.08139921724796295,5.4
ba9b2727-4d2b-48e3-8e2b-0cedf87d3bc5,2025-12-17T14:44:40.192937,upload,be3dde3c-a898-44ab-97a5-34d9b71d4017.jpg,Ciudad de Panamá,"8.98, -79.52",CARDBOARD,0.0789991095662117,5.4
44b55749-3da7-448b-940a-6035f773f6bb,2025-12-17T14:44:40.201126,upload,be3dde3c-a898-44ab-97a5-34d9b71d4017.jpg,Ciudad de Panamá,"8.98, -79.52",GLASS,0.07468221336603165,5.4
390eb7cf-266e-451b-985a-bc752b4ce340,2025-12-17T14:44:40.203932,upload,be3dde3c-a898-44ab-97a5-34d9b71d4017.jpg,Ciudad de Panamá,"8.98, -79.52",CARDBOARD,0.07421911507844925,5.4
b7acec82-86c9-4061-80d9-ce41ffdfb368,2025-12-17T14:44:40.207383,upload,be3dde3c-a898-44ab-97a5-34d9b71d4017.jpg,Ciudad de Panamá,"8.98, -79.52",PLASTIC,0.07203467935323715,5.4
d8b4e60f-4fca-4007-b02c-5c98fac77c58,2025-12-17T14:44:40.210382,upload,be3dde3c-a898-44ab-97a5-34d9b71d4017.jpg,Ciudad de Panamá,"8.98, -79.52",PLASTIC,0.07133463770151138,5.4
0013a7f8-e9eb-42d9-81cb-c1ade7595a01,2025-12-17T14:44:40.214447,upload,be3dde3c-a898-44ab-97a5-34d9b71d4017.jpg,Ciudad de Panamá,"8.98, -79.52",CARDBOARD,0.07019700855016708,5.4
a09153ce-a7aa-499c-b718-12a1a702222d,2025-12-17T14:44:40.221192,upload,be3dde3c-a898-44ab-97a5-34d9b71d4017.jpg,Ciudad de Panamá,"8.98, -79.52",GLASS,0.06947599351406097,5.4
e41108c6-370c-46d7-9da7-2c9e105148e6,2025-12-17T14:44:40.223594,upload,be3dde3c-a898-44ab-97a5-34d9b71d4017.jpg,Ciudad de Panamá,"8.98, -79.52",GLASS,0.06942414492368698,5.4
e35fd57c-cc35-40b7-8ed8-175a464404c8,2025-12-17T14:44:40.228920,upload,be3dde3c-a898-44ab-97a5-34d9b71d4017.jpg,Ciudad de Panamá,"8.98, -79.52",GLASS,0.06936462968587875,5.4
e6dd0923-37dd-4b9b-aa9d-e2944cd44e57,2025-12-17T14:44:40.235005,upload,be3dde3c-a898-44ab-97a5-34d9b71d4017.jpg,Ciudad de Panamá,"8.98, -79.52",PLASTIC,0.0693170428276062,5.4
dcd717f0-28a1-48b6-8e48-3db67140f673,2025-12-17T14:44:40.238550,upload,be3dde3c-a898-44ab-97a5-34d9b71d4017.jpg,Ciudad de Panamá,"8.98, -79.52",CARDBOARD,0.06797702610492706,5.4
a4993ebf-9556-4a24-922a-d01baa77d84a,2025-12-17T14:44:40.241937,upload,be3dde3c-a898-44ab-97a5-34d9b71d4017.jpg,Ciudad de Panamá,"8.98, -79.52",GLASS,0.0673188865184784,5.4
e3711309-0e9c-4947-8429-dea3764a59fd,2025-12-17T14:44:40.245279,upload,be3dde3c-a898-44ab-97a5-34d9b71d4017.jpg,Ciudad de Panamá,"8.98, -79.52",PLASTIC,0.06705383956432343,5.4
7badb676-ef20-406a-bae7-262e9eae6c62,2025-12-17T14:44:40.248648,upload,be3dde3c-a898-44ab-97a5-34d9b71d4017.jpg,Ciudad de Panamá,"8.98, -79.52",PLASTIC,0.06619669497013092,5.4
0a0b366b-5219-415c-bcb7-62a701f96592,2025-12-17T14:44:40.252282,upload,be3dde3c-a898-44ab-97a5-34d9b71d4017.jpg,Ciudad de Panamá,"8.98, -79.52",GLASS,0.06505168229341507,5.4
9f9bf7d0-5b9b-4a6d-8c84-814d44659b5c,2025-12-17T14:44:40.254760,upload,be3dde3c-a898-44ab-97a5-34d9b71d4017.jpg,Ciudad de Panamá,"8.98, -79.52",CARDBOARD,0.06332667917013168,5.4
b8825ca6-c168-4288-8d8c-b623624af425,2025-12-17T14:44:40.258577,upload,be3dde3c-a898-44ab-97a5-34d9b71d4017.jpg,Ciudad de Panamá,"8.98, -79.52",CARDBOARD,0.06253417581319809,5.4
53d1ea7d-41dc-4b2c-85d2-c8c042bbb4d2,2025-12-17T14:44:40.262381,upload,be3dde3c-a898-44ab-97a5-34d9b71d4017.jpg,Ciudad de Panamá,"8.98, -79.52",CARDBOARD,0.062107887119054794,5.4
fb685a98-e066-4b21-9a6d-1ba73ebd7f24,2025-12-17T14:44:40.269163,upload,be3dde3c-a898-44ab-97a5-34d9b71d4017.jpg,Ciudad de Panamá,"8.98, -79.52",PLASTIC,0.061792902648448944,5.4
9513b70f-9368-4fb0-91e8-ded6cac8dd44,2025-12-17T14:44:40.272419,upload,be3dde3c-a898-44ab-97a5-34d9b71d4017.jpg,Ciudad de Panamá,"8.98, -79.52",CARDBOARD,0.06126856058835983,5.4
c6953f4c-09a8-4e3e-9546-badecb681060,2025-12-17T14:44:40.275598,upload,be3dde3c-a898-44ab-97a5-34d9b71d4017.jpg,Ciudad de Panamá,"8.98, -79.52",PLASTIC,0.06063641235232353,5.4
f55778e9-9161-4e47-a650-e5e2bbd5054d,2025-12-17T14:44:40.279029,upload,be3dde3c-a898-44ab-97a5-34d9b71d4017.jpg,Ciudad de Panamá,"8.98, -79.52",PLASTIC,0.05973568186163902,5.4
0e9e89a3-e2e4-4a44-9c80-90c7f98349a5,2025-12-17T14:44:40.284589,upload,be3dde3c-a898-44ab-97a5-34d9b71d4017.jpg,Ciudad de Panamá,"8.98, -79.52",CARDBOARD,0.0589430034160614,5.4
882ff72d-e7dd-441a-ab9c-953c0bbe431f,2025-12-17T14:44:40.287668,upload,be3dde3c-a898-44ab-97a5-34d9b71d4017.jpg,Ciudad de Panamá,"8.98, -79.52",GLASS,0.058863312005996704,5.4
736088e0-50a2-4eaf-84ed-b4ff2d02bd63,2025-12-17T14:44:40.290460,upload,be3dde3c-a898-44ab-97a5-34d9b71d4017.jpg,Ciudad de Panamá,"8.98, -79.52",PLASTIC,0.05806003883481026,5.4
3d60147b-8d73-459d-8a5f-52876604497a,2025-12-17T14:44:40.293195,upload,be3dde3c-a898-44ab-97a5-34d9b71d4017.jpg,Ciudad de Panamá,"8.98, -79.52",PLASTIC,0.057945623993873596,5.4
c9a725ec-4b37-47dc-87d6-132f33875c4a,2025-12-17T14:44:40.298404,upload,be3dde3c-a898-44ab-97a5-34d9b71d4017.jpg,Ciudad de Panamá,"8.98, -79.52",GLASS,0.057174064218997955,5.4
36fac88e-5d0c-4ff3-9b9d-e6dde89d021d,2025-12-17T14:44:40.301675,upload,be3dde3c-a898-44ab-97a5-34d9b71d4017.jpg,Ciudad de Panamá,"8.98, -79.52",CARDBOARD,0.05650157481431961,5.4
0d679769-32c0-437f-b415-0aac92fbf816,2025-12-17T14:44:40.304657,upload,be3dde3c-a898-44ab-97a5-34d9b71d4017.jpg,Ciudad de Panamá,"8.98, -79.52",CARDBOARD,0.05597665160894394,5.4
20e0ed0a-25e7-41b1-8cb0-a5cf710659e7,2025-12-17T14:44:40.307673,upload,be3dde3c-a898-44ab-97a5-34d9b71d4017.jpg,Ciudad de Panamá,"8.98, -79.52",CARDBOARD,0.05445225164294243,5.4
5c7f6f28-f124-43b7-8d56-af13dd6100bc,2025-12-17T14:44:40.310062,upload,be3dde3c-a898-44ab-97a5-34d9b71d4017.jpg,Ciudad de Panamá,"8.98, -79.52",PLASTIC,0.05358528718352318,5.4
6c5ed9b0-58cc-42bf-8857-5b4d41c53574,2025-12-17T14:44:40.312314,upload,be3dde3c-a898-44ab-97a5-34d9b71d4017.jpg,Ciudad de Panamá,"8.98, -79.52",CARDBOARD,0.05259563773870468,5.4
ae23453b-daf8-4a6b-b856-b948dca20acb,2025-12-17T14:44:40.318002,upload,be3dde3c-a898-44ab-97a5-34d9b71d4017.jpg,Ciudad de Panamá,"8.98, -79.52",GLASS,0.05205102264881134,5.4
6723655b-d130-4eb7-8261-d5057a20da6c,2025-12-17T14:44:40.320663,upload,be3dde3c-a898-44ab-97a5-34d9b71d4017.jpg,Ciudad de Panamá,"8.98, -79.52",PLASTIC,0.051057372242212296,5.4
f36169db-f993-405f-a2d7-070a4f2dbd70,2025-12-17T14:45:07.446039,upload,be3dde3c-a898-44ab-97a5-34d9b71d4017.jpg,Ciudad de Panamá,"8.98, -79.52",PLASTIC,0.29518944025039673,1.5
40c05076-7ffe-423e-8bc5-b4a2eb28a627,2025-12-17T14:45:07.450863,upload,be3dde3c-a898-44ab-97a5-34d9b71d4017.jpg,Ciudad de Panamá,"8.98, -79.52",CARDBOARD,0.23610171675682068,1.5
83a43ff7-6347-4739-9d70-e669284c1b93,2025-12-17T14:45:07.454975,upload,be3dde3c-a898-44ab-97a5-34d9b71d4017.jpg,Ciudad de Panamá,"8.98, -79.52",CARDBOARD,0.21041688323020935,1.5
f49e141d-7be0-4c36-96f2-7b431e5877b5,2025-12-17T14:45:07.459913,upload,be3dde3c-a898-44ab-97a5-34d9b71d4017.jpg,Ciudad de Panamá,"8.98, -79.52",PAPER,0.20974130928516388,1.5
903eda61-8f29-432b-8fe6-9f76cce9594b,2025-12-17T14:45:07.465099,upload,be3dde3c-a898-44ab-97a5-34d9b71d4017.jpg,Ciudad de Panamá,"8.98, -79.52",GLASS,0.19492855668067932,1.5
9f6ba7f5-a01a-4c57-9877-85f89d5592e6,2025-12-17T14:45:07.469015,upload,be3dde3c-a898-44ab-97a5-34d9b71d4017.jpg,Ciudad de Panamá,"8.98, -79.52",PLASTIC,0.1731206476688385,1.5
d9a7d7e1-6134-42d3-8333-42af3233a4c9,2025-12-17T14:45:07.474268,upload,be3dde3c-a898-44ab-97a5-34d9b71d4017.jpg,Ciudad de Panamá,"8.98, -79.52",GLASS,0.15082773566246033,1.5
7c361629-d328-41da-a87d-2a372717b3da,2025-12-17T14:45:07.479859,upload,be3dde3c-a898-44ab-97a5-34d9b71d4017.jpg,Ciudad de Panamá,"8.98, -79.52",CARDBOARD,0.1505378782749176,1.5
fc2d2cb2-dfb7-444f-ba7e-02a90e9cd086,2025-12-17T14:45:07.487525,upload,be3dde3c-a898-44ab-97a5-34d9b71d4017.jpg,Ciudad de Panamá,"8.98, -79.52",CARDBOARD,0.1400032937526703,1.5
5de55b9d-09cf-4cdd-9cc9-637cc710ce84,2025-12-17T14:45:07.493087,upload,be3dde3c-a898-44ab-97a5-34d9b71d4017.jpg,Ciudad de Panamá,"8.98, -79.52",GLASS,0.11453773081302643,1.5
d3263781-77a3-4ce2-861c-633e2d52efc8,2025-12-17T14:45:07.497410,upload,be3dde3c-a898-44ab-97a5-34d9b71d4017.jpg,Ciudad de Panamá,"8.98, -79.52",CARDBOARD,0.11002733558416367,1.5
25aeba46-f785-4927-af72-aec3c9e30b38,2025-12-17T14:45:07.502182,upload,be3dde3c-a898-44ab-97a5-34d9b71d4017.jpg,Ciudad de Panamá,"8.98, -79.52",PAPER,0.10793415457010269,1.5
b1397175-d54b-472d-9029-2558ac7615d7,2025-12-17T14:45:07.506366,upload,be3dde3c-a898-44ab-97a5-34d9b71d4017.jpg,Ciudad de Panamá,"8.98, -79.52",CARDBOARD,0.10644403100013733,1.5
35c6ccef-e164-4c3a-858f-f4d7d132c80f,2025-12-17T14:45:07.514081,upload,be3dde3c-a898-44ab-97a5-34d9b71d4017.jpg,Ciudad de Panamá,"8.98, -79.52",CARDBOARD,0.10368869453668594,1.5
c5ff8f75-8565-46e8-9f60-71fff27da3a9,2025-12-17T14:45:07.518729,upload,be3dde3c-a898-44ab-97a5-34d9b71d4017.jpg,Ciudad de Panamá,"8.98, -79.52",PLASTIC,0.1013830229640007,1.5
e6b6dbdc-6758-40cb-a866-9fa1763eb547,2025-12-17T14:45:32.272634,upload,6895241e-efc0-4d39-b20d-038def9aab1a.jpg,Ciudad de Panamá,"8.98, -79.52",GLASS,0.5085687637329102,3.6
e7a13416-8e66-49a9-88fc-f6c7848d4272,2025-12-17T14:45:32.277609,upload,6895241e-efc0-4d39-b20d-038def9aab1a.jpg,Ciudad de Panamá,"8.98, -79.52",PAPER,0.4964914917945862,3.6
ae7ec229-40d8-4589-b5a3-37d9a9b288b6,2025-12-17T14:45:32.282058,upload,6895241e-efc0-4d39-b20d-038def9aab1a.jpg,Ciudad de Panamá,"8.98, -79.52",GLASS,0.46975812315940857,3.6
c95e00bf-d07d-43d0-8580-430a7989ca6c,2025-12-17T14:45:32.286417,upload,6895241e-efc0-4d39-b20d-038def9aab1a.jpg,Ciudad de Panamá,"8.98, -79.52",GLASS,0.37169522047042847,3.6
d66f8e72-8e26-441e-9c57-57cb0cba0f26,2025-12-17T14:45:32.289650,upload,6895241e-efc0-4d39-b20d-038def9aab1a.jpg,Ciudad de Panamá,"8.98, -79.52",GLASS,0.28118613362312317,3.6
ffe631a6-bd2b-4385-91ab-83a3fc0b1d3c,2025-12-17T14:45:32.292640,upload,6895241e-efc0-4d39-b20d-038def9aab1a.jpg,Ciudad de Panamá,"8.98, -79.52",GLASS,0.2506861686706543,3.6
895b153b-2f90-463e-8cde-daa250d10f75,2025-12-17T14:45:32.295326,upload,6895241e-efc0-4d39-b20d-038def9aab1a.jpg,Ciudad de Panamá,"8.98, -79.52",GLASS,0.23602548241615295,3.6
95a0c279-8595-4656-87e8-a7fe37ca3299,2025-12-17T14:45:32.298640,upload,6895241e-efc0-4d39-b20d-038def9aab1a.jpg,Ciudad de Panamá,"8.98, -79.52",GLASS,0.22663666307926178,3.6
5f212da8-e6e1-4d27-a978-a688934325e0,2025-12-17T14:45:32.303007,upload,6895241e-efc0-4d39-b20d-038def9aab1a.jpg,Ciudad de Panamá,"8.98, -79.52",GLASS,0.22063449025154114,3.6
97b0c56e-23c4-41c3-b9cd-4f30d0c51ae4,2025-12-17T14:45:32.305805,upload,6895241e-efc0-4d39-b20d-038def9aab1a.jpg,Ciudad de Panamá,"8.98, -79.52",GLASS,0.2041875571012497,3.6
3854c75b-88ad-4d87-bea2-0bf87e93db50,2025-12-17T14:45:32.311517,upload,6895241e-efc0-4d39-b20d-038def9aab1a.jpg,Ciudad de Panamá,"8.98, -79.52",GLASS,0.19599710404872894,3.6
ac55073d-9a3a-4a06-9f66-fe2b151fc0ef,2025-12-17T14:45:32.318558,upload,6895241e-efc0-4d39-b20d-038def9aab1a.jpg,Ciudad de Panamá,"8.98, -79.52",GLASS,0.18332791328430176,3.6
f3974115-7a28-433d-9daf-8455d3321e39,2025-12-17T14:45:32.322918,upload,6895241e-efc0-4d39-b20d-038def9aab1a.jpg,Ciudad de Panamá,"8.98, -79.52",GLASS,0.1799088418483734,3.6
c72e21bc-0e24-437e-a7b5-9e92700ec1e2,2025-12-17T14:45:32.329749,upload,6895241e-efc0-4d39-b20d-038def9aab1a.jpg,Ciudad de Panamá,"8.98, -79.52",GLASS,0.17872625589370728,3.6
40b7922a-231e-4ea1-b545-b09c7fbddb52,2025-12-17T14:45:32.333096,upload,6895241e-efc0-4d39-b20d-038def9aab1a.jpg,Ciudad de Panamá,"8.98, -79.52",GLASS,0.17437666654586792,3.6
e8b115fc-ea22-4fbf-ab91-3c73734b2684,2025-12-17T14:45:32.337279,upload,6895241e-efc0-4d39-b20d-038def9aab1a.jpg,Ciudad de Panamá,"8.98, -79.52",GLASS,0.17075341939926147,3.6
5e2d2497-df06-46b0-9a32-bb7d34dbd559,2025-12-17T14:45:32.342057,upload,6895241e-efc0-4d39-b20d-038def9aab1a.jpg,Ciudad de Panamá,"8.98, -79.52",GLASS,0.154169961810112,3.6
8c53508a-1727-4763-8ead-1439b332f6f4,2025-12-17T14:45:32.346906,upload,6895241e-efc0-4d39-b20d-038def9aab1a.jpg,Ciudad de Panamá,"8.98, -79.52",GLASS,0.14734399318695068,3.6
b4e53c4c-6bb5-4a7e-bcfe-c0ee06935ab4,2025-12-17T14:45:32.349645,upload,6895241e-efc0-4d39-b20d-038def9aab1a.jpg,Ciudad de Panamá,"8.98, -79.52",GLASS,0.14697334170341492,3.6
589f4a0c-55b8-418f-9562-080f14f79857,2025-12-17T14:45:32.352916,upload,6895241e-efc0-4d39-b20d-038def9aab1a.jpg,Ciudad de Panamá,"8.98, -79.52",GLASS,0.1441553831100464,3.6
e87de6f3-e5fe-4e5e-95a1-02e0afe9cb6b,2025-12-17T14:45:32.355690,upload,6895241e-efc0-4d39-b20d-038def9aab1a.jpg,Ciudad de Panamá,"8.98, -79.52",GLASS,0.14369772374629974,3.6
39d15c50-c076-465b-84fd-376a5d0b4caf,2025-12-17T14:45:32.359900,upload,6895241e-efc0-4d39-b20d-038def9aab1a.jpg,Ciudad de Panamá,"8.98, -79.52",GLASS,0.13712115585803986,3.6
0ecd6b92-f5cd-4fb2-a9b8-d34734d53130,2025-12-17T14:45:32.365456,upload,6895241e-efc0-4d39-b20d-038def9aab1a.jpg,Ciudad de Panamá,"8.98, -79.52",GLASS,0.13568662106990814,3.6
8a1bdba6-b315-4534-84e6-6feffa9b707a,2025-12-17T14:45:32.369205,upload,6895241e-efc0-4d39-b20d-038def9aab1a.jpg,Ciudad de Panamá,"8.98, -79.52",GLASS,0.1351628601551056,3.6
d7c39b37-fb26-469e-8eed-53b6acb531e4,2025-12-17T14:45:32.372334,upload,6895241e-efc0-4d39-b20d-038def9aab1a.jpg,Ciudad de Panamá,"8.98, -79.52",GLASS,0.1319245547056198,3.6
6da1e224-5df0-44be-ba85-e25bf0cab487,2025-12-17T14:45:32.376592,upload,6895241e-efc0-4d39-b20d-038def9aab1a.jpg,Ciudad de Panamá,"8.98, -79.52",GLASS,0.13190722465515137,3.6
853b8ca8-1781-4d33-bbee-8b1373acfe17,2025-12-17T14:45:32.380293,upload,6895241e-efc0-4d39-b20d-038def9aab1a.jpg,Ciudad de Panamá,"8.98, -79.52",GLASS,0.129757821559906,3.6
5b29599a-7fb8-4e26-8bcb-d4a5bc476aec,2025-12-17T14:45:32.383686,upload,6895241e-efc0-4d39-b20d-038def9aab1a.jpg,Ciudad de Panamá,"8.98, -79.52",GLASS,0.12553207576274872,3.6
fbf4cdcd-61a0-4534-ae2d-e2de0d16ad4b,2025-12-17T14:45:32.387459,upload,6895241e-efc0-4d39-b20d-038def9aab1a.jpg,Ciudad de Panamá,"8.98, -79.52",GLASS,0.1207626461982727,3.6
ece57f20-3eb1-4e8a-9cb6-81884f82740a,2025-12-17T14:45:32.391463,upload,6895241e-efc0-4d39-b20d-038def9aab1a.jpg,Ciudad de Panamá,"8.98, -79.52",GLASS,0.11800701916217804,3.6
78fc46cb-eeb0-4df2-889e-724356b5b09a,2025-12-17T14:45:32.397058,upload,6895241e-efc0-4d39-b20d-038def9aab1a.jpg,Ciudad de Panamá,"8.98, -79.52",GLASS,0.11725235730409622,3.6
4d218432-f7c5-428b-b3ab-8ecea9202bd9,2025-12-17T14:45:32.400269,upload,6895241e-efc0-4d39-b20d-038def9aab1a.jpg,Ciudad de Panamá,"8.98, -79.52",GLASS,0.1172289326786995,3.6
b86f9b98-15dd-4ea4-8c3e-0982a4ef833c,2025-12-17T14:45:32.404249,upload,6895241e-efc0-4d39-b20d-038def9aab1a.jpg,Ciudad de Panamá,"8.98, -79.52",GLASS,0.11703413724899292,3.6
ecabfb2d-e4b9-4ea0-bfc6-f8e11ce8c4cd,2025-12-17T14:45:32.407088,upload,6895241e-efc0-4d39-b20d-038def9aab1a.jpg,Ciudad de Panamá,"8.98, -79.52",GLASS,0.10870792716741562,3.6
7b5f7be0-d1f0-47d6-87dd-8d5c646749d0,2025-12-17T14:45:32.415663,upload,6895241e-efc0-4d39-b20d-038def9aab1a.jpg,Ciudad de Panamá,"8.98, -79.52",GLASS,0.10805218666791916,3.6
037071c7-6c58-47d1-b282-d731ae0b154f,2025-12-17T14:45:32.419243,upload,6895241e-efc0-4d39-b20d-038def9aab1a.jpg,Ciudad de Panamá,"8.98, -79.52",GLASS,0.1075468510389328,3.6
50a911da-4f75-42f2-a4cb-724c9b04ea14,2025-12-17T14:46:02.825698,upload,bd0617c3-c3a3-4bc8-8046-2cf66254ec82.jpg,Ciudad de Panamá,"8.98, -79.52",PAPER,0.9188628792762756,0.6000000000000001
6190b2a3-c789-410b-bf5a-9f06c63952fc,2025-12-17T14:46:02.829180,upload,bd0617c3-c3a3-4bc8-8046-2cf66254ec82.jpg,Ciudad de Panamá,"8.98, -79.52",PLASTIC,0.2524223029613495,0.6000000000000001
8314756d-2868-4b8e-99c1-8f917924cc8d,2025-12-17T14:46:02.832791,upload,bd0617c3-c3a3-4bc8-8046-2cf66254ec82.jpg,Ciudad de Panamá,"8.98, -79.52",PAPER,0.17396625876426697,0.6000000000000001
45d6c296-69b2-415a-a7dc-7489de9c5183,2025-12-17T14:46:02.837098,upload,bd0617c3-c3a3-4bc8-8046-2cf66254ec82.jpg,Ciudad de Panamá,"8.98, -79.52",PAPER,0.14828193187713623,0.6000000000000001
936e84b7-f47d-4d91-9e46-36dfffd8fd44,2025-12-17T14:46:02.839880,upload,bd0617c3-c3a3-4bc8-8046-2cf66254ec82.jpg,Ciudad de Panamá,"8.98, -79.52",PAPER,0.13993678987026215,0.6000000000000001
5598d8e4-3ec8-4259-8500-b18b3e58f115,2025-12-17T14:46:02.843543,upload,bd0617c3-c3a3-4bc8-8046-2cf66254ec82.jpg,Ciudad de Panamá,"8.98, -79.52",PLASTIC,0.10957038402557373,0.6000000000000001
f6f42107-d199-40f4-bd7a-a8a6b29da783,2025-12-17T14:46:11.135610,upload,bd0617c3-c3a3-4bc8-8046-2cf66254ec82.jpg,Ciudad de Panamá,"8.98, -79.52",PAPER,0.9188628792762756,2.1
6a137fee-eefe-4c48-a4ca-0ce55e9c0866,2025-12-17T14:46:11.138799,upload,bd0617c3-c3a3-4bc8-8046-2cf66254ec82.jpg,Ciudad de Panamá,"8.98, -79.52",PLASTIC,0.2524223029613495,2.1
6cdfad65-1769-47fb-a6dd-d1c127722d76,2025-12-17T14:46:11.143322,upload,bd0617c3-c3a3-4bc8-8046-2cf66254ec82.jpg,Ciudad de Panamá,"8.98, -79.52",PAPER,0.17396625876426697,2.1
f60bdebd-fe64-4721-8b8d-e770492140b3,2025-12-17T14:46:11.147924,upload,bd0617c3-c3a3-4bc8-8046-2cf66254ec82.jpg,Ciudad de Panamá,"8.98, -79.52",PAPER,0.14828193187713623,2.1
73b56adb-e92b-4a7f-90cb-67a1206defeb,2025-12-17T14:46:11.152335,upload,bd0617c3-c3a3-4bc8-8046-2cf66254ec82.jpg,Ciudad de Panamá,"8.98, -79.52",PAPER,0.13993678987026215,2.1
97ed9ddc-2426-47d1-b2e2-e55100b32141,2025-12-17T14:46:11.155707,upload,bd0617c3-c3a3-4bc8-8046-2cf66254ec82.jpg,Ciudad de Panamá,"8.98, -79.52",PLASTIC,0.10957038402557373,2.1
047ae857-c993-4ebf-ba68-864854eed23f,2025-12-17T14:46:11.167438,upload,bd0617c3-c3a3-4bc8-8046-2cf66254ec82.jpg,Ciudad de Panamá,"8.98, -79.52",PAPER,0.08940451592206955,2.1
7cb02233-4e71-442c-97c2-682d52076329,2025-12-17T14:46:11.172692,upload,bd0617c3-c3a3-4bc8-8046-2cf66254ec82.jpg,Ciudad de Panamá,"8.98, -79.52",PLASTIC,0.08469793200492859,2.1
c0503e9a-fa46-4335-9849-c21cc552081a,2025-12-17T14:46:11.177083,upload,bd0617c3-c3a3-4bc8-8046-2cf66254ec82.jpg,Ciudad de Panamá,"8.98, -79.52",PLASTIC,0.08380972594022751,2.1
d11714b3-5f7b-4ecf-93d2-52d0d47249f6,2025-12-17T14:46:11.184968,upload,bd0617c3-c3a3-4bc8-8046-2cf66254ec82.jpg,Ciudad de Panamá,"8.98, -79.52",PLASTIC,0.08126313984394073,2.1
bb4e69eb-0a83-4344-b7a3-8b2cc9660060,2025-12-17T14:46:11.188643,upload,bd0617c3-c3a3-4bc8-8046-2cf66254ec82.jpg,Ciudad de Panamá,"8.98, -79.52",PLASTIC,0.07550930976867676,2.1
cd044a9d-177b-4b01-8e84-7b99d5cd5945,2025-12-17T14:46:11.191302,upload,bd0617c3-c3a3-4bc8-8046-2cf66254ec82.jpg,Ciudad de Panamá,"8.98, -79.52",PLASTIC,0.07154977321624756,2.1
72b0bf7b-dc4b-4fe1-b8af-f030077ae75b,2025-12-17T14:46:11.196100,upload,bd0617c3-c3a3-4bc8-8046-2cf66254ec82.jpg,Ciudad de Panamá,"8.98, -79.52",PAPER,0.07023210823535919,2.1
aecdfd5c-6659-4113-bd9c-cf04d720f16a,2025-12-17T14:46:11.201040,upload,bd0617c3-c3a3-4bc8-8046-2cf66254ec82.jpg,Ciudad de Panamá,"8.98, -79.52",PLASTIC,0.06846276670694351,2.1
c3c18514-0206-4238-8c75-1a5b33d5f898,2025-12-17T14:46:11.205076,upload,bd0617c3-c3a3-4bc8-8046-2cf66254ec82.jpg,Ciudad de Panamá,"8.98, -79.52",METAL,0.06720393151044846,2.1
436afaf7-3dc4-4f46-931e-5a21ed784926,2025-12-17T14:46:11.208031,upload,bd0617c3-c3a3-4bc8-8046-2cf66254ec82.jpg,Ciudad de Panamá,"8.98, -79.52",PAPER,0.06567215919494629,2.1
a306ad20-611e-492b-95f1-47579d0c1266,2025-12-17T14:46:11.214911,upload,bd0617c3-c3a3-4bc8-8046-2cf66254ec82.jpg,Ciudad de Panamá,"8.98, -79.52",PLASTIC,0.06380562484264374,2.1
f07d7cf1-8837-4cb9-94a1-6dd0cf49ee2f,2025-12-17T14:46:11.220272,upload,bd0617c3-c3a3-4bc8-8046-2cf66254ec82.jpg,Ciudad de Panamá,"8.98, -79.52",PLASTIC,0.06313449144363403,2.1
b340b635-680a-44d8-a699-24286fbe2e6e,2025-12-17T14:46:11.225838,upload,bd0617c3-c3a3-4bc8-8046-2cf66254ec82.jpg,Ciudad de Panamá,"8.98, -79.52",PAPER,0.06081733480095863,2.1
2ee89e51-83a7-40b2-97d2-778c07061046,2025-12-17T14:46:11.232107,upload,bd0617c3-c3a3-4bc8-8046-2cf66254ec82.jpg,Ciudad de Panamá,"8.98, -79.52",PAPER,0.05424275994300842,2.1
75b115f3-e2eb-4364-805e-c4177869e98e,2025-12-17T14:46:11.237037,upload,bd0617c3-c3a3-4bc8-8046-2cf66254ec82.jpg,Ciudad de Panamá,"8.98, -79.52",METAL,0.0520322360098362,2.1
067bee2c-2aed-4d50-b011-76a323b0c963,2025-12-17T14:47:16.809460,upload,bd0617c3-c3a3-4bc8-8046-2cf66254ec82.jpg,Ciudad de Panamá,"8.98, -79.52",PAPER,0.9188628792762756,2.1
51bd35a0-3e75-4a1a-ba55-e5b8f9c50473,2025-12-17T14:47:16.816343,upload,bd0617c3-c3a3-4bc8-8046-2cf66254ec82.jpg,Ciudad de Panamá,"8.98, -79.52",PLASTIC,0.2524223029613495,2.1
b3ac1587-46da-448e-8f80-e5aec842bfee,2025-12-17T14:47:16.822184,upload,bd0617c3-c3a3-4bc8-8046-2cf66254ec82.jpg,Ciudad de Panamá,"8.98, -79.52",PAPER,0.17396625876426697,2.1
8d4f1c96-c876-437f-bbfb-8dc854d2cec7,2025-12-17T14:47:16.827240,upload,bd0617c3-c3a3-4bc8-8046-2cf66254ec82.jpg,Ciudad de Panamá,"8.98, -79.52",PAPER,0.14828193187713623,2.1
6b90ce1f-bd1c-4a8c-abb1-5d87ea01c095,2025-12-17T14:47:16.832720,upload,bd0617c3-c3a3-4bc8-8046-2cf66254ec82.jpg,Ciudad de Panamá,"8.98, -79.52",PAPER,0.13993678987026215,2.1
4452e88c-0d12-4fab-910d-220bc091a8e7,2025-12-17T14:47:16.836464,upload,bd0617c3-c3a3-4bc8-8046-2cf66254ec82.jpg,Ciudad de Panamá,"8.98, -79.52",PLASTIC,0.10957038402557373,2.1
335d6555-4c43-4582-939d-7ad04dcd2dd5,2025-12-17T14:47:16.841156,upload,bd0617c3-c3a3-4bc8-8046-2cf66254ec82.jpg,Ciudad de Panamá,"8.98, -79.52",PAPER,0.08940451592206955,2.1
7e15a479-2038-439a-93e7-279055d684f1,2025-12-17T14:47:16.846039,upload,bd0617c3-c3a3-4bc8-8046-2cf66254ec82.jpg,Ciudad de Panamá,"8.98, -79.52",PLASTIC,0.08469793200492859,2.1
9366c904-7e2d-466f-93ab-a7501f4dd18d,2025-12-17T14:47:16.851261,upload,bd0617c3-c3a3-4bc8-8046-2cf66254ec82.jpg,Ciudad de Panamá,"8.98, -79.52",PLASTIC,0.08380972594022751,2.1
dd0d4da0-4da1-4641-872a-509bd4f41ef5,2025-12-17T14:47:16.855500,upload,bd0617c3-c3a3-4bc8-8046-2cf66254ec82.jpg,Ciudad de Panamá,"8.98, -79.52",PLASTIC,0.08126313984394073,2.1
b7dfd2a1-24bd-42c9-90cb-a435ddb9b1ec,2025-12-17T14:47:16.861249,upload,bd0617c3-c3a3-4bc8-8046-2cf66254ec82.jpg,Ciudad de Panamá,"8.98, -79.52",PLASTIC,0.07550930976867676,2.1
c664b462-200e-4ff4-8523-687f7de87c13,2025-12-17T14:47:16.870302,upload,bd0617c3-c3a3-4bc8-8046-2cf66254ec82.jpg,Ciudad de Panamá,"8.98, -79.52",PLASTIC,0.07154977321624756,2.1
6e790c5c-ba39-4f19-831c-1ebf26ed661d,2025-12-17T14:47:16.874865,upload,bd0617c3-c3a3-4bc8-8046-2cf66254ec82.jpg,Ciudad de Panamá,"8.98, -79.52",PAPER,0.07023210823535919,2.1
628419b3-e44f-4c9f-844f-a3c3d9426403,2025-12-17T14:47:16.879054,upload,bd0617c3-c3a3-4bc8-8046-2cf66254ec82.jpg,Ciudad de Panamá,"8.98, -79.52",PLASTIC,0.06846276670694351,2.1
507677e3-3627-47bc-85c6-c32cfcc01e2a,2025-12-17T14:47:16.883575,upload,bd0617c3-c3a3-4bc8-8046-2cf66254ec82.jpg,Ciudad de Panamá,"8.98, -79.52",METAL,0.06720393151044846,2.1
62e937e8-07eb-4627-90db-3ee675c50406,2025-12-17T14:47:16.893657,upload,bd0617c3-c3a3-4bc8-8046-2cf66254ec82.jpg,Ciudad de Panamá,"8.98, -79.52",PAPER,0.06567215919494629,2.1
3198027a-9b6b-4f71-81bb-14a62e296044,2025-12-17T14:47:16.899236,upload,bd0617c3-c3a3-4bc8-8046-2cf66254ec82.jpg,Ciudad de Panamá,"8.98, -79.52",PLASTIC,0.06380562484264374,2.1
4585db98-d610-4d4e-8488-a40b38c6c9b7,2025-12-17T14:47:16.902968,upload,bd0617c3-c3a3-4bc8-8046-2cf66254ec82.jpg,Ciudad de Panamá,"8.98, -79.52",PLASTIC,0.06313449144363403,2.1
062487e7-e84a-476d-a2d3-1b565d3b74ee,2025-12-17T14:47:16.909287,upload,bd0617c3-c3a3-4bc8-8046-2cf66254ec82.jpg,Ciudad de Panamá,"8.98, -79.52",PAPER,0.06081733480095863,2.1
65f3cf8c-b865-4405-a8bb-d6ec418f59b2,2025-12-17T14:47:16.914839,upload,bd0617c3-c3a3-4bc8-8046-2cf66254ec82.jpg,Ciudad de Panamá,"8.98, -79.52",PAPER,0.05424275994300842,2.1
66bc61d1-7bf8-4c66-85e2-98fe030a1814,2025-12-17T14:47:16.919444,upload,bd0617c3-c3a3-4bc8-8046-2cf66254ec82.jpg,Ciudad de Panamá,"8.98, -79.52",METAL,0.0520322360098362,2.1
